{"cameraMode":{"drawMode":0,"name":"Shaded","section":"Shading Mode"},"sceneLighting":true,"audioPlay":false,"sceneViewState":{"m_AlwaysRefresh":false,"showFog":true,"showSkybox":true,"showFlares":true,"showImageEffects":true,"showParticleSystems":true,"showVisualEffectGraphs":true,"m_FxEnabled":true},"in2DMode":false,"pivot":{"x":46.572479248046878,"y":-1.4527819156646729,"z":57.184226989746097},"rotation":{"x":0.07921797037124634,"y":-0.7132163643836975,"z":0.08164214342832566,"w":0.691710889339447},"size":42.607398986816409,"orthographic":false}