{"cameraMode":{"drawMode":0,"name":"Shaded","section":"Shading Mode"},"sceneLighting":true,"audioPlay":false,"sceneViewState":{"m_AlwaysRefresh":false,"showFog":true,"showSkybox":true,"showFlares":true,"showImageEffects":true,"showParticleSystems":true,"showVisualEffectGraphs":true,"m_FxEnabled":true},"in2DMode":false,"pivot":{"x":28.052968978881837,"y":-7.143738746643066,"z":24.72146987915039},"rotation":{"x":0.15760716795921327,"y":0.6436936855316162,"z":-0.13778497278690339,"w":0.7361276745796204},"size":20.683080673217775,"orthographic":false}