{"cameraMode":{"drawMode":0,"name":"Shaded","section":"Shading Mode"},"sceneLighting":true,"audioPlay":false,"sceneViewState":{"m_AlwaysRefresh":false,"showFog":true,"showSkybox":true,"showFlares":true,"showImageEffects":true,"showParticleSystems":true,"showVisualEffectGraphs":true,"m_FxEnabled":true},"in2DMode":false,"pivot":{"x":74.83499908447266,"y":2.452000617980957,"z":15.361000061035157},"rotation":{"x":-0.21463747322559358,"y":-0.000872099946718663,"z":0.0002436308714095503,"w":-0.9767471551895142},"size":12.12435531616211,"orthographic":false}